,answer
0,18
1,3
2,70000
3,540
4,20
5,64
6,260
7,160
8,45
9,460
10,366
11,694
12,13
13,18
14,60
15,125
16,230
17,57500
18,7
19,6
20,15
21,14
22,7
23,8
24,26
25,2
26,243
27,16
28,25
29,104
30,109
31,80
32,35
33,70
34,23
35,9
36,75
37,2
38,10
39,18
40,8
41,200
42,26
43,48
44,20
45,104
46,163
47,800
48,8
49,30
50,294
51,5
52,15
53,40
54,40
55,14
56,3
57,83
58,57
59,187
60,17
61,1430
62,25000
63,1596
64,300
65,36
66,48
67,595
68,36
69,60
70,7425
71,60
72,221
73,255
74,88
75,60
76,5
77,100
78,6
79,70
80,10
81,17
82,623
83,600
84,15
85,44
86,22
87,9360
88,8000
89,24
90,225
91,28
92,4
93,36
94,348
95,40
96,3
97,12
98,5
99,58
100,175
101,6
102,26
103,140
104,500
105,20
106,72
107,3
108,50
109,28
110,45
111,16
112,24
113,25
114,6
115,90
116,42
117,360
118,4
119,95200
120,240
121,27
122,48
123,50
124,10
125,10
126,82
127,120
128,880
129,10000
130,30
131,940
132,60
133,13
134,720
135,40
136,6
137,29
138,105
139,70
140,20
141,400
142,140
143,16
144,20
145,4000
146,2
147,75
148,30
149,16
150,4
151,5
152,4
153,48
154,272
155,280
156,1400
157,80
158,34
159,15
160,16
161,32
162,92
163,50
164,15
165,77
166,5
167,16
168,18
169,120
170,150
171,1210
172,51
173,18000
174,95
175,15
176,100
177,350
178,122
179,130
180,20
181,160
182,23
183,2
184,25
185,30
186,5
187,106
188,50
189,34
190,360
191,5
192,91
193,24
194,10
195,12
196,120
197,6277
198,320
199,7500
200,55
201,114
202,100
203,31
204,98
205,98
206,860
207,2600
208,76
209,145
210,10
211,4
212,5
213,250
214,8
215,44
216,220
217,15
218,45
219,54
220,70
221,90
222,140
223,20000
224,180
225,9
226,33
227,9
228,1
229,21
230,276
231,50
232,75
233,12
234,21
235,10
236,31
237,90
238,68
239,280
240,21
241,6
242,3
243,250
244,20
245,7
246,27000
247,32
248,300
249,5
250,17
251,70
252,73
253,18
254,84
255,192
256,45
257,5600
258,6
259,168
260,11
261,62
262,270
263,8
264,400
265,9500
266,118000
267,91
268,1375
269,4
270,762
271,20
272,5
273,315
274,3200
275,138
276,9
277,4
278,40
279,6
280,7
281,2450
282,195
283,68
284,360
285,21
286,90
287,8
288,3
289,16
290,390
291,2
292,75
293,83
294,3
295,370
296,3
297,55
298,500
299,31800
300,78
301,8
302,15
303,1300
304,3200
305,4
306,10
307,16
308,6
309,8
310,2050
311,91
312,32
313,120000
314,30
315,14
316,156
317,12
318,123
319,15
320,8
321,1
322,9
323,75
324,14
325,224000
326,14
327,31
328,2
329,14
330,31
331,8400
332,44
333,100
334,6
335,310
336,72
337,1
338,60
339,160
340,4
341,260
342,87
343,180000
344,2
345,310
346,9
347,36
348,10
349,2640
350,8
351,10
352,21
353,20
354,45
355,34
356,21
357,2
358,20
359,4
360,25
361,20
362,23
363,6
364,49
365,18
366,9
367,19
368,18
369,1198
370,320
371,50
372,5
373,240000
374,45
375,48
376,15
377,50
378,15
379,21
380,803
381,67
382,350
383,2
384,32
385,16
386,80
387,36
388,88
389,6
390,12
391,15
392,34
393,20
394,92
395,38
396,3
397,25
398,168
399,12
400,48
401,14400
402,4
403,81
404,22
405,50
406,200
407,2000
408,20
409,168000
410,3
411,1110
412,5
413,25
414,56
415,350
416,56
417,3140
418,40
419,3000
420,17000
421,12
422,284
423,8
424,570
425,150
426,11
427,150
428,26
429,13
430,132
431,1
432,30
433,6
434,5
435,5
436,15
437,7
438,2
439,17
440,98
441,80
442,49
443,59
444,20
445,6
446,2
447,5
448,539
449,112
450,4
451,11050
452,50
453,6400
454,150
455,1920
456,78
457,45
458,35
459,2
460,84
461,9
462,71
463,18
464,6
465,30
466,1
467,1200
468,120
469,4
470,3
471,80
472,6
473,10
474,80
475,20
476,5
477,20
478,621
479,15400
480,11
481,84
482,26
483,40
484,240
485,220
486,6
487,4
488,6
489,
490,4
491,16
492,32
493,25
494,21
495,200
496,38
497,112
498,40
499,10
500,16
501,273
502,26
503,18
504,2
505,1
506,144
507,2
508,120
509,4
510,525
511,110
512,120
513,300
514,90000
515,160
516,375
517,18
518,32
519,280
520,63
521,39
522,29
523,74
524,9
525,12
526,21
527,48
528,172
529,11
530,36
531,66
532,25
533,300
534,300
535,16
536,8
537,188
538,18
539,35
540,39
541,50
542,7
543,6
544,80
545,30
546,130
547,81
548,100
549,398
550,27
551,17
552,450
553,92
554,54
555,2
556,160
557,70
558,3
559,16
560,45
561,180
562,82
563,12
564,240
565,5
566,10
567,9
568,175
569,21
570,23
571,308
572,100
573,600
574,37
575,36
576,11232
577,40
578,48
579,7
580,500
581,215
582,129200
583,120
584,2
585,40
586,800
587,30
588,52
589,15
590,319
591,220
592,1
593,3
594,42
595,13
596,260
597,90
598,69
599,48
600,10
601,104
602,5
603,1800
604,12
605,42
606,6
607,10
608,8
609,7
610,65
611,1
612,30
613,93000
614,312
615,33
616,10
617,5
618,36
619,76
620,1509
621,3000
622,7
623,8
624,85
625,160
626,72
627,54
628,4
629,17500
630,10
631,4800
632,45
633,5
634,14
635,4
636,1050
637,17
638,12
639,216
640,43
641,262500
642,10
643,840
644,29
645,48
646,79
647,10
648,54
649,162000
650,142
651,2100
652,75
653,80
654,2
655,10
656,10
657,330000
658,120
659,3
660,15
661,44
662,7
663,193
664,32
665,360
666,120
667,53
668,3
669,132
670,4
671,4
672,2
673,9
674,12
675,33
676,240
677,36
678,120
679,576
680,20
681,298
682,80
683,50
684,11
685,14
686,80
687,13
688,100
689,7
690,5760
691,25
692,32
693,68
694,9
695,5
696,145
697,27
698,720
699,8
700,135
701,200
702,2800
703,50
704,50
705,120
706,9
707,8
708,168
709,3000
710,45
711,6
712,14
713,576
714,10
715,385000
716,770
717,5
718,2
719,175
720,4
721,2450
722,255
723,160
724,18
725,25
726,10
727,112
728,40
729,1000
730,8
731,1
732,87
733,5
734,17
735,50
736,3
737,2
738,4
739,98
740,25
741,28
742,24
743,8
744,4
745,1100
746,28
747,350
748,336
749,3
750,4000
751,43
752,240
753,128
754,89
755,7
756,22
757,75
758,133
759,60000
760,16
761,27
762,85
763,100
764,14
765,490
766,12
767,60
768,675
769,110
770,4
771,3
772,50
773,10
774,10
775,276
776,800
777,4400
778,38
779,255
780,25
781,17
782,54
783,4
784,15
785,155
786,142
787,25
788,100
789,4
790,108
791,100
792,75
793,250
794,32
795,20
796,2880000
797,540
798,20
799,4
800,428
801,1240
802,6
803,9
804,20
805,1170
806,70
807,4
808,12
809,50
810,310
811,60
812,79
813,7
814,11
815,4
816,4500
817,15
818,16
819,6
820,720
821,35
822,1260
823,14
824,52
825,153
826,27
827,11
828,60
829,14
830,1128
831,324
832,42
833,40
834,80
835,48
836,140
837,120
838,15
839,2
840,16
841,5600
842,10
843,19
844,180
845,12
846,11
847,975
848,10
849,75
850,70
851,110
852,123
853,15
854,144
855,13
856,7
857,14000
858,3430
859,1520
860,3
861,30
862,40
863,110
864,80
865,23
866,28
867,7
868,15
869,500
870,40
871,48
872,13
873,12
874,132
875,60
876,41
877,7000
878,5
879,575
880,10
881,16
882,5
883,25
884,50
885,500
886,20
887,34
888,10
889,15
890,25
891,55
892,1
893,480
894,26
895,74
896,250
897,1
898,110
899,16
900,15
901,1
902,8
903,16
904,8
905,5
906,10
907,16
908,14
909,38
910,700
911,64
912,6
913,6
914,3
915,23
916,14
917,12
918,56
919,90
920,47
921,4
922,60
923,2
924,12
925,2000
926,1
927,85000
928,60
929,60
930,14
931,50
932,24
933,15
934,410
935,64800
936,250
937,159
938,4
939,650
940,280
941,842
942,205
943,50
944,34
945,17
946,450
947,13
948,15
949,42
950,5
951,300
952,360
953,452
954,34
955,100
956,1
957,45
958,40
959,7
960,11
961,225
962,1000
963,147
964,200
965,374
966,48
967,30
968,227
969,1800
970,33
971,100
972,120
973,79
974,5
975,20
976,540
977,4
978,160
979,50
980,90
981,7
982,12
983,15
984,342
985,63
986,70
987,3
988,6
989,45
990,14
991,15
992,52
993,11
994,2
995,12
996,3
997,6
998,50
999,25
1000,1
1001,2
1002,8
1003,480
1004,8
1005,1490
1006,826
1007,34
1008,230
1009,1
1010,5
1011,6000
1012,94
1013,2
1014,3
1015,78
1016,138
1017,45
1018,60
1019,98
1020,22
1021,36
1022,12
1023,77
1024,300
1025,30
1026,43200
1027,12
1028,200
1029,34
1030,24
1031,5
1032,450
1033,2
1034,66
1035,35
1036,10
1037,10
1038,4
1039,160
1040,736
1041,101
1042,3
1043,130000
1044,1
1045,420
1046,189
1047,10
1048,7400
1049,20
1050,655
1051,15
1052,110
1053,55
1054,2400
1055,2304
1056,156
1057,24
1058,250
1059,2
1060,31
1061,58
1062,482
1063,320
1064,247
1065,95
1066,14
1067,245
1068,24
1069,300
1070,18
1071,251
1072,85
1073,21
1074,750
1075,16
1076,162
1077,145
1078,8
1079,10
1080,72000
1081,195
1082,2
1083,2
1084,20
1085,26
1086,131250
1087,12
1088,30
1089,32
1090,72
1091,1000
1092,1080
1093,144
1094,25
1095,270
1096,240
1097,480
1098,30
1099,2
1100,5
1101,16
1102,113
1103,90
1104,24
1105,40
1106,5
1107,360
1108,38
1109,3
1110,60
1111,157
1112,5
1113,
1114,8
1115,5
1116,60
1117,9
1118,5
1119,18
1120,560
1121,35
1122,18
1123,105
1124,64
1125,90
1126,50
1127,750
1128,9
1129,8
1130,25
1131,96
1132,45000
1133,50
1134,7
1135,32
1136,26
1137,68
1138,700
1139,1
1140,27
1141,20
1142,9
1143,300
1144,34
1145,291
1146,16
1147,22
1148,9
1149,93
1150,21
1151,50
1152,12
1153,20
1154,30
1155,13
1156,120
1157,3
1158,7300
1159,50
1160,1125
1161,170
1162,3
1163,12
1164,9
1165,1248
1166,2350
1167,120
1168,20
1169,2
1170,2
1171,3160
1172,93
1173,10
1174,240
1175,16
1176,2
1177,17
1178,17
1179,50
1180,5600
1181,20
1182,1800
1183,11
1184,306
1185,6
1186,19
1187,5
1188,24
1189,6
1190,19
1191,100
1192,280
1193,9
1194,1200
1195,320
1196,75
1197,2400
1198,140
1199,2
1200,8
1201,42
1202,19
1203,240
1204,168
1205,4
1206,40
1207,64
1208,27
1209,29
1210,288
1211,448
1212,150
1213,31
1214,5
1215,36
1216,20
1217,75
1218,225
1219,100
1220,32
1221,10
1222,350
1223,8
1224,5
1225,3
1226,90
1227,66
1228,31
1229,36
1230,440
1231,70
1232,15
1233,81
1234,12
1235,60
1236,84
1237,78
1238,520
1239,50
1240,2
1241,8
1242,20
1243,50
1244,35
1245,96
1246,3360
1247,7
1248,750
1249,56
1250,22
1251,30
1252,70
1253,120
1254,30
1255,12
1256,15
1257,14
1258,60
1259,7200
1260,5
1261,235
1262,12
1263,500
1264,210
1265,36
1266,147
1267,40
1268,20
1269,54
1270,3528
1271,43
1272,296
1273,27
1274,38
1275,16
1276,70
1277,48
1278,665
1279,180
1280,7
1281,20
1282,12
1283,60
1284,25
1285,1218
1286,105
1287,84
1288,34
1289,101
1290,90
1291,27
1292,67
1293,140000
1294,36
1295,2
1296,335
1297,60
1298,31
1299,13
1300,120
1301,23
1302,72
1303,4
1304,1000
1305,2325
1306,2
1307,8
1308,30
1309,2280
1310,64
1311,594
1312,180
1313,2
1314,8
1315,5
1316,230
1317,5
1318,14